.//linear-algebra/blas/gemm,423992200735,24094626176,598530592310,574434552200,45358693906,38275678961,1194,998970130447,382798397831,383037785224,,307149278175,15327181000,302614693917,287288900983,24813617625,23923676957,3084,694998414151,382798397522,239412052965,
.//linear-algebra/blas/gemver,12065686038,450151204,9672092584,9221943739,2954450044,665604010,7,20166978957,10240031971,7173890431,,7433469394,290783055,6185909708,5895111255,416966694,512004006,8,17200853656,10240031938,4615044427,
.//linear-algebra/blas/gesummv,5083240444,156052558,2646520692,2490506598,1347833911,165864917,16,5982748479,3317846404,2490396212,,2603146121,130616886,2208153858,2077581926,202603949,138231316,14,5549522874,3317846380,2077496823,
.//linear-algebra/blas/symm,98341954556,10686938678,31534840078,20847142522,61919227126,1302109457,541505,47696118537,20820799981,15644422902,,99288568066,10698353128,31675531447,20962461765,62207158796,1302073930,512824,50779707649,20820799991,15759777701,
.//linear-algebra/blas/syr2k,122719789457,13923043131,41028491575,27105280805,68476309308,1689089595,53865,75284335301,40578981236,20339038643,,120568669833,13917888856,41029564169,27107883535,65821404737,852552890,52048,75240100651,40578981147,20342233622,
.//linear-algebra/blas/syrk,47612649232,7141656800,27459227509,20318232049,20760450758,1688408466,816005,41038012607,13533781286,13552115548,,21110682702,894890074,9360675843,8465807784,7661586015,845745464,5390,22876085755,13533781276,7617102015,
.//linear-algebra/blas/trmm,81608556000,10432751516,26043058767,15680967144,59739991252,1297199330,225299,30144997472,10399999995,10478265153,,81772649216,10420814012,26039447235,15680451402,60010616866,1297197383,244547,29718230607,10399999999,10478886663,
.//linear-algebra/kernels/2mm,26736178312,1259798478,41019760675,39764656091,2750134753,2208427798,163,68830324395,26503359886,26512630645,,21210132274,1096309258,20986618934,19895243787,1559928927,1656426887,2158,48161496176,26503359855,16579236507,
.//linear-algebra/kernels/3mm,44296403377,2008220432,66823421587,64832101456,4548526892,4128160969,858,112743805189,43199999767,43231436681,,34323496051,1795931222,34203537062,32424718483,2448593272,2700159697,2271,78490780055,43199999665,27024056885,
.//linear-algebra/kernels/atax,13064859672,396555228,8319440906,7922948770,4819068089,514765282,18,14799138578,6335999980,6338908255,,13056319759,396496974,8319344460,7922907484,4814929904,514765273,23,14798326870,6335999979,6338868456,
.//linear-algebra/kernels/bicg,6605613311,209630821,4521405567,4311676386,1601506568,268403728,9,8976534529,4294967296,3237883026,,3138681146,116854567,2026488047,1910469213,322368661,268428287,56,6661965748,4294967296,1641979440,
.//linear-algebra/kernels/doitgen,26433586596,3358829096,11395319920,8066945768,13432701062,669404685,324,17054819034,8018999996,8029763352,,26434889988,3358806236,11395278992,8066949501,13433109725,669404637,529,17054271905,8018999991,8029765224,
.//linear-algebra/kernels/mvt,635648275,19428447,406782464,387353103,234485920,25167868,154,723833040,309760000,309904795,,248292507,12281510,225430697,213158333,21636609,19360011,7,543158506,309760000,193785871,
.//linear-algebra/solvers/cholesky,67158748241,1053379628,33059427027,32018555182,28018452485,2657210421,5699072,59171353484,21341357955,21343883945,,67220143381,1053840581,33060013725,32018597043,28081201300,2657041194,5553645,59206258859,21341357955,21343929063,
.//linear-algebra/solvers/durbin,72398039,8119677,49635549,48011516,21276442,4512441,10100,97394240,32015996,36005189,,76616249,8312555,49673455,48010980,42684646,4513045,9424,97301471,32015996,36004963,
.//linear-algebra/solvers/gramschmidt,258378850007,27083075755,60927629804,33848482569,203234358223,2194327948,1113,68382400417,27045205200,27085804726,,257744929993,27070312140,60891891290,33831264698,203331534771,2194328051,716,66257730330,27045205200,27062315834,
.//linear-algebra/solvers/lu,29633368221,5719900647,11635733317,8664324781,17894759661,712314491,1528700,16256090372,5724525564,5800879915,,29580754562,5712966712,11617130612,8652424841,17860725064,711838862,1939664,16205239987,5724525565,5789024116,
.//linear-algebra/solvers/ludcmp,26772765533,2887964195,8637923023,5753381160,17128799090,362837309,974930,12429616242,5732912126,5749159320,,26768423534,2886939422,8634086783,5750592945,17128398270,362864669,860387,12416481632,5732912121,5746320300,
.//linear-algebra/solvers/trisolv,50877809,1201594,24913136,24013583,20906181,1995534,2787,44312291,16000000,16007601,,50890855,1251255,24912623,24013326,20917431,1995477,2541,44314911,16000000,16007715,
.//datamining/correlation,155196384058,17159594050,34442503178,17289543283,124095340551,1079500507,2286,36258495677,17246990339,17266869862,,155193267849,17161526634,34432816874,17277399342,124194230152,1079501793,1743,36014278418,17246990339,17260616562,
.//datamining/covariance,96828924070,8539482945,17195080089,8657309223,79395289180,539491413,1046,17851260708,8615626243,8637291422,,97545881117,8540811126,17182364179,8642383072,80792809166,539492036,174,17825775050,8615626243,8623453829,
.//stencils/adi,456258862656,24582178043,70493604036,63893178513,309845657265,5318673603,2053,175317845998,103800095936,39922996359,,456213689923,24688401170,70495687534,63896457086,309805669970,5318673272,1094,175323248668,103800095956,39925681900,
.//stencils/fdtd-2d,59683359794,2928643331,65326687337,62401518955,7778282782,1039677530,4001496,128800311183,57163204678,46808112708,,59687669588,2928635469,65325917324,62400775416,7784070390,1039677485,4001513,128796726549,57163204664,46807371562,
.//stencils/heat-3d,220574547837,27905578344,156029665311,149472867524,11227870838,10674619543,3930,481207094627,277540286980,128123630940,,220538522456,27905794286,156027190270,149470364281,11212445435,10674623036,3783,481196673400,277540286453,128121070237,
.//stencils/jacobi-1d,336522555,170001565,330002128,319996376,10743401,26665018,6,826709617,479988000,160000374,,336530382,170001490,330006984,319996403,10747364,26665018,5,826709428,479988000,160000380,
.//stencils/jacobi-2d,55783620122,14586140456,59627659915,57322272324,4142432821,4093654648,184,122999137537,61404839652,45040159721,,55757868578,14585066005,59626737122,57321382467,4173415356,4093654114,971,122999544260,61404839679,45040443285,
.//stencils/seidel-2d,107616837470,316383787,7023955060,6707634021,86352617694,838041739,85,23480289616,15922794188,5031546617,,54057404153,160102444,5190231853,5030133237,34249271416,419225339,153,23467821366,18016875188,3354049895,
.//medley/deriche,148305953087,4874523347,10330262378,8617294327,120154403841,805304086,3839,43859191587,16106127541,5395911627,,147953540991,4889093194,10347593210,8612727109,119369624913,671088038,618,43621807434,16106127538,5389333406,
.//medley/floyd-warshall,468622935954,11041043074,713391766121,702348178412,26407085426,35123194791,2863,1266668654537,0,526734062042,,449485689320,5600317902,620209528547,614603212758,17401128629,43903997565,2378,1186494399408,0,438987336950,
.//medley/nussinov,406041084913,28517461384,112013827080,83547564745,280561043380,6915799663,7086874,184069986764,0,55799434013,,405303051378,28612290238,112006565784,83545767968,279638384867,6915808469,7077116,184136163545,0,55801504134,
